Index,Word,Part of Speech,Meaning Definition,Antonym,Examples,Related Words Notes
54,ABANDON,VERB,Abandon: leave: desert,,"Abandon your family/ city/ country/ house/ attempts to do sth/ the idea of sth<br>Fearing further attacks, most of the population had abandoned the city. (Verb)",Adjective form is abandoned (Ex: There were lots of abandoned houses in the district). Noun form is abandonment (Ex: Government’s abandonment of the policy was criticized).
0,ABERRANT,ADJECTIVE,Unusual: unacceptable: atypical: abnormal,,Aberrant behavior/trees/weather,
51,ABUNDANT,ADJECTIVE,Abundant: plentiful: adequate: ample: rich,scarce,Abundant supplies/ opportunities/ work force(adjective),The noun is abundance (Ex: You can find the material in abundance in this region). The verb is abound (Ex: Examples of this reason abound).
1,ACCELERATE,VERB,Speed up: expedite: hasten: quicken,decelerate,measures to accelerate the rate of economic growth<br>The car accelerated smoothly away.,
65,ACCLAIM,VERB,praise: compliment: applaud: honor,,This movie has been widely acclaimed by film critics. (Verb)<br>The book has been widely/ universally/ highly acclaimed by teachers and pupils. (adjective),Noun: acclamation (He published a paper which won great acclaim among the academicians).
2,ACCOUNT FOR,VERB,Explain: clarify: rationalize: illuminate: justify,,Recent pressure at work may account for his behavior.<br>Can you account for your movements on that night?,
3,ACKNOWLEDGE,VERB,Accept: admit: concede: confess: grant: profess: recognize,,The family acknowledge the need for change.<br>He acknowledges that when he's tired he gets bad-tempered.<br>Claire acknowledged that she was guilty.<br>The government must acknowledge what is happening and do something about it.<br>This is a fact that most smokers readily acknowledge.<br>The film festival is acknowledged as an event of international importance.,
4,ADJACENT,ADJECTIVE,Next: adjoining: neighboring: close,,We stayed in adjacent rooms.<br>the building adjacent to the library,
5 # 6,AGGRAVATE,VERB # VERB,Worsen: exacerbate: intensify: increase # irritate: bother: nettle: offend,,Their money problems were further aggravated by a rise in interest rates.<br>Building the new road will only aggravate the situation. # What really aggravates me is the way she won't listen.,
7,AGILE,ADJECTIVE,Nimble: active: supple: swift: alert: sharp,,"Dogs are surprisingly agile.<br>He was physically strong and mentally agile.<br>With surprising agility, Karl darted across the road.",The noun form is agility.
8,ALLUDE,VERB,Refer: hint: mention: touch upon: imply,,"Rick didn't want to discuss his past, though he alluded darkly to 'some bad things that happened.",The noun form is allusion.
60,AMBIGUOUS,ADJECTIVE,indefinite: dubious: equivocal: enigmatic: vague: obscure,,The poem is highly ambiguous and open to various interpretations. (adjective),Adverb: ambiguously (The rules are ambiguously worded). Noun: ambiguity (There was an element of ambiguity in the president's reply).
10,ANNIHILATE,VERB,Destroy: abolish: eradicate: exterminate: obliterate,,Just one of these bombs could annihilate a city the size of New York.<br>Tyson annihilated his opponent in the first round.,
11,ARDUOUS,ADJECTIVE,Difficult: exhausting: fatiguing: laborious: onerous: strenuous: tiring: tough: challenging: daunting,,arduous task/work<br>arduous journey/voyage<br>an arduous journey through the mountains,
12 # 13,ARID,ADJECTIVE # ADJECTIVE,Dry: barren: sterile # Boring: tedious: uninteresting,,"Water from the Great Lakes is pumped to arid regions.<br>Arid years of dictatorship<br>Arid life # My mind was arid, all inspiration gone.",
14,ASSERT,VERB,State: insist on: claim: stress,,"French cooking, she asserted, is the best in the world.<br>He asserted that nuclear power was a safe and nonpolluting energy source.<br>Native Americans asserting their rights to ancestral land<br>Women began to assert themselves politically.<br>National pride began to assert itself.",
15 # 16,ASSET,NOUN # NOUN,Definition: the value of a company's assets # Benefit: advantage: blessing: boon: resource: capital: wealth,,a corporation with $9 billion in assets the value of a company's assets # A sense of humor is a great asset in this business.<br>be an asset to somebody/something<br>I think Rachel would be an asset to the department.,
17,ASTOUNDING,ADJECTIVE,Astonishing: amazing: impressive: sensational: breathtaking: brilliant: staggering: stunning,,The concert was an astounding success.<br>astoundingly beautiful scenery,The verb form is astound. Ex: The judge's decision astounded everyone.
18,ATTAIN,VERB,Achieve: accomplish: acquire: gain: obtain: reach,,More women are attaining positions of power. Share prices attained a high of $3.27.<br>After a year she had attained her ideal weight.<br>This target should be attainable.,The adjective form is attainable.
19,ATTRIBUTE,VERB,Ascribe: assign: refer: trace to,,The fall in the number of deaths from heart disease is generally attributed to improvements in diet.<br>The saying is usually attributed to Confucius.,This is a phrasal verb: attribute something to somebody/something.
20,AUGMENT,VERB,Increase: raise: enlarge,,Any surplus was sold to augment their income.<br>To augment the supplies,
21,AVID,ADJECTIVE,Enthusiastic: ardent: eager: fanatical: keen: passionate: zealous,,an avid collector of old jazz records<br>an avid reader,
36 # 37,Abrasion,NOUN # NOUN,Scrape: scratch: surface injury. Definition: an area on the surface of your skin that has been injured by being rubbed against something hard # Definition: the process of rubbing a surface very hard so that it becomes damaged or disappears,,She was treated for cuts and abrasions.<br>She had a small abrasion on her knee. # extra protection against abrasion<br>There seems to have been some abrasion of the surface.,
75,BIZARRE,ADJECTIVE,"unusual, strange, odd, extraordinary, exceptional, remarkable: weird",,They had worn bizarre costumes. (adjective)<br>It was rather a bizarre coincidence. (adjective),
22 # 23,BOAST,VERB # VERB,Brag # Possess,,"'I wouldn't be afraid,' she boasted.<br>Amy boasted that her son was a genius.<br>He's boasting about how much money he has made.<br>The company is inclined to boast of its success. # The city boasts two excellent museums.<br>The Society boasts 3000 members worldwide.",
24,BOOM,VERB,Flourish: develop: prosper: thrive,,"Business was booming, and money wasn't a problem.<br>Tourism on the island has boomed.",
25,BOON,NOUN,Benefit: advantage: blessing,,The bus service is a real boon to people in the village.,
26,BREAKTHROUGH,NOUN,"Development: advancement: progress: quantum leap, leap",,Scientists have made a major breakthrough in the treatment of cancer.,
28,BURGEON,VERB,Develop: flourish: grow: expand,,My confidence started to burgeon later in life.<br>the burgeoning market for digital cameras,
29,CARDINAL,ADJECTIVE,Principal: capital: central: chief: fundamental: leading: main: primary,,Having clean hands is one of the cardinal rules when preparing food.<br>an issue of cardinal importance,
30,CELEBRATED,ADJECTIVE,Renowned: eminent: noted: legendary: acclaimed: prominent: distinguished,,a celebrated actress<br>a celebrated legal case,
53,CHAMPION,VERB,support: advocate: back: espouse,,This idea has been widely championed by academicians.,
31,CHAOTIC,ADJECTIVE,Disordered: anarchic: confused: riotous,,a chaotic mixture of images<br>The filthy and chaotic house<br>Chaotic social and economic conditions,
32,CHRONIC,ADJECTIVE,Persistent,,Chronic arthritis/heart disease<br>Chronic unemployment<br>There is a chronic shortage of teachers.<br>He was a chronic alcoholic and unable to hold down a job.<br>a chronic smoker<br>The service is chronically underfunded.,The adverb form is chronically.
33,CLING,VERB,Stick: adhere: clasp: embrace: grip: hug,,Passengers clung desperately onto the lifeboats.<br>His wet shirt clung to his body.<br>The smell of cigarette smoke clung to her clothes.<br>an attempt to cling to power,
34,COLLIDE,VERB,Crash: clash: conflict,,"A car and a van collided on the motorway.<br>I ran around the corner, and almost collided with Mrs. Laurence.<br>Two trains collided head-on (=when they were moving directly towards each other).<br>The President has again collided with Congress over his budget plans.<br>Istanbul, where east and west collide",
35,COMPRISE,VERB,Be composed to: consist of: contain: embrace: encompass,,"The house comprises two bedrooms, a kitchen, and a living room.<br>The committee is comprised of well-known mountaineers.<br>Women comprise a high proportion of part-time workers.",
40,CONGREGATE,VERB,Assemble: convene: gather,,Crowds began to congregate to hear the President's speech.,
52,CONSOLIDATE,VERB,strengthen: fortify: stabilize,,Samsung tries to consolidate its position in the market through introducing user-friendly smartphones. (verb)<br>You need to consolidate your language learning through regular practice.,The noun form is consolidation (Ex: Further consolidations in political power might follow the coup).
41,CONSPICUOUS,ADJECTIVE,Obvious: blatant: clear: evident: salient: outstanding: remarkable: striking,,The notice must be displayed in a conspicuous place.<br>a bird with conspicuous white markings<br>I felt very conspicuous in my red coat.<br>He had represented Italy with conspicuous success.<br>The award is given for notable or conspicuous achievement in science.<br>a group that were conspicuous by their absence from the awards ceremony,
42,CONTENTIOUS,ADJECTIVE,Argumentative: disputatious,,Contentious issue/area/subject etc.<br>Animal welfare did not become a contentious issue until the late 1970s.,
43,CONTIGUOUS,ADJECTIVE,Neighboring: adjacent: adjoining,,America's 48 contiguous states,
44 # 45,CONTRIVE,VERB # VERB,Bring about: manage: create: succeed # Definition: make sth skillfully,,"Schindler contrived to save more than 1,000 Polish Jews from the Nazis.<br>The lawsuit says oil companies contrived the oil shortage in the 1970s. (to do sth secretly) # In 1862, a technique was contrived to take a series of photographs showing stages of movement.",
46 # 47,CONVICTION,NOUN # NOUN,Belief: creed: opinion: principle. Certitude: confidence # Definition: a formal declaration by the verdict of a jury or the decision of a judge in a court of law that someone is guilty of a criminal offence.,,"a woman of strong political convictions<br>The Dotens have a deep conviction that marriage is for life.<br>The students possess the conviction that they can make a difference to their community.<br>He was able to say with conviction that he had changed.<br>'No,' she said, without conviction.<br>It was a reasonable explanation, but his voice lacked conviction.<br>It took her so much effort to speak that what she said carried great conviction (=showed she felt sure of what she said). # Applicants are checked for criminal convictions.<br>This was her third conviction for theft.",
48,COUNTERPART,NOUN,Match: complement: equal: mate: equivalent,,Belgian officials are discussing this with their French counterparts.,
49,CRISIS,NOUN,Critical point: climax: emergency: plight: predicament,,"The country now faces an economic crisis.<br>The Prime Minister was criticized for the way in which he handled the crisis.<br>the current debt crisis a major political crisis<br>I was relieved that we had averted yet another financial crisis.<br>Oil companies were heavily criticized when they made large profits during the oil crisis of the 1970s.<br>The car industry is now in crisis.<br>an emotional crisis<br>In times of crisis, you find out who your real friends are.<br>He seems to be going through a crisis.<br>Both parties experienced an identity crisis (=feeling of uncertainty about their purpose) at the end of the '90s",
72 # 73,ELABORATE,ADJECTIVE # VERB,detailed: precise: thorough: complete # expand: amplify,,The city is equipped with a very elaborate telecommunications network.<br>She had an elaborate lecture on the topic. # McDonald refused to elaborate on his reasons for resigning.<br>Would you please elaborate on that topic?,Noun: elaboration (He will some further elaboration on the topic).
64,ENHANCE,VERB,boost: improve: heighten: elevate,,The publicity has enhanced his reputation. (Verb)<br>Rich vocabulary will enhance your reading skill.(Verb),Adjective: enhancing (Performance-enhancing drugs are strictly forbidden). Noun: enhancement (Music is an enhancement to her brilliant performance). Adjective: enhanced (Recent improvements in Internet have led to enhanced access to websites).
62,FORMIDABLE,ADJECTIVE,terrifying: intimidating: fearful: dismaying,,You have to deal with the formidable task of scoring high on TOEFL iBT. (adjective)<br>A formidable challenge in your life was …(adjective),Noun: formidability (The formidability of the issue prevented any further progress).
61,INTRUSIVE,ADJECTIVE,interfering: meddlesome,,The paparazzi can be intrusive at times. (Adjective),Noun: intrusion (I resented this intrusion into/upon/on my personal affairs). Verb: intrude (Governments should not intrude into/on/upon the private lives of their citizens).
27,ONSET,NOUN,"beginning, inception, outbreak, start. Definition: beginning of something, especially something bad",,the onset of winter<br>Consult the doctor if there is a very sudden onset of fever.<br>the abrupt onset of the rainy season in India (= happening very quickly and suddenly)<br>Symptoms may include the rapid onset of nausea and vomiting.<br>The patient had a family history of early onset of Alzheimer's disease.<br>An active and healthy lifestyle can delay the onset of disease in later life.,
67,PREVAILING,ADJECTIVE,prevalent: widespread: customary: popular: usual: predominant,,The prevailing economic conditions are not favorable.(adjective),
66,PROFOUND,ADJECTIVE,intense: extreme: acute,,a profound effect/influence/impact/consequence/ question/ thinker/ change(adjective)<br>Widespread crackdown had a profound effect on people’s dissatisfaction with the government. (adjective),
50,SATURATE,VERB,Saturate: soak: drench. Definition: to make something very wet,soak,Water poured through the hole and saturated the carpet.<br>Most TV channels are saturated with ads.(adjective)<br>His T-shirt was saturated with sweat.(adjective),The adjective form is saturated. The opposite of the definition is dry.
74,SECLUDED,ADJECTIVE,Private: solitary: sheltered: lonely,,Secluded garden/spot/beach etc.<br>He's 80 years old now and lives a very secluded life.,Noun: seclusion (He preferred to stay at home in seclusion).
71,SHORTCOMING,NOUN,imperfection: flaw: weakness: defect: fault,,Peter was painfully aware of his own shortcomings.(Noun)<br>The report suggested that there were severe shortcomings in police tactics. (noun),
55 # 56,SOPHISTICATED,ADJECTIVE # ADJECTIVE,Cultivated: refined: urbane # Complex: complicated: intricate,,He is recognized as a highly sophisticated university professor.(adjective)<br>Tourists have been amazed by the sophistication of this rich cosmopolitan city. (Noun) # Sophisticated cutting-edge tablets,The noun form is sophistication.
57,SUCCESSIVE,ADJECTIVE,Successive: consecutive: in sequence,,Successive classes left him absolutely worn-out. (adjective)<br>Successive governments have tried to deal with this issue. (adjective)<br>She won the championship four times in succession. (Noun),
76,SUPPRESS,VERB,oppress: crush: stifle,,The uprising was ruthlessly suppressed.<br>Harry could scarcely suppress a smile.<br>You should suppress your emotions.<br>The virus suppresses the body's immune system.,Noun: suppression (There was a shocking suppression of the opposition parties).
63,WITHSTAND,VERB,endure: resist: bear: tolerate,,This fabric can withstand steam and high temperatures.<br>The bridge is built to withstand an earthquake of 8.3 magnitude.<br>Exercise helps you enormously withstand stresses and strains more easily.,
38 # 39,abrasive,ADJECTIVE # ADJECTIVE,"Definition: rude or unkind # Definition: having a rough surface, especially one that can be used to clean something or make it smooth",,She was a tough girl with rather an abrasive manner. # Smooth down with a fine abrasive paper.,Related form of Abrasion. # Related form of Abrasion.
9,allusion,NOUN,An indirect reference,,The committee made no allusion to the former President in its report.<br>literary/classical/cultural etc. allusions<br>Eliot's poetry is full of biblical allusions.<br>In his poetry we find many allusions to the human body.,
68 # 69,prevail,VERB # VERB,To be victorious; to triumph # to persuade someone,,Justice will prevail.<br>Your inner strength will enable you to prevail over/against life's obstacles. # She prevailed upon her father to say nothing.,
70,prevalent,ADJECTIVE,widespread,,The prevalent beliefs in superstitions really bothered him. (adjective),
59,succeed,VERB,"To take an office, title, etc., after someone else",,Who will succeed him to the throne?,
58,succession,NOUN,The act of following in order,,"A succession of visitors came to the door.<br>If the prince dies, the succession passes to his son.",
